{"cameraMode":{"drawMode":0,"name":"Shaded","section":"Shading Mode"},"sceneLighting":false,"audioPlay":false,"sceneViewState":{"showFog":false,"showMaterialUpdate":false,"showSkybox":false,"showFlares":false,"showImageEffects":false,"showParticleSystems":false},"in2DMode":false,"pivot":{"x":-6.930319309234619,"y":19.615922927856447,"z":-4.125194549560547},"rotation":{"x":0.11844690889120102,"y":0.03902708366513252,"z":-0.004658874124288559,"w":0.992182195186615},"size":62.42789077758789,"orthographic":false}