{"cameraMode":{"drawMode":0,"name":"Shaded","section":"Shading Mode"},"sceneLighting":false,"audioPlay":false,"sceneViewState":{"showFog":false,"showMaterialUpdate":false,"showSkybox":false,"showFlares":false,"showImageEffects":false,"showParticleSystems":false},"in2DMode":false,"pivot":{"x":69.40913391113281,"y":-3.255192756652832,"z":-3.725827932357788},"rotation":{"x":0.07751176506280899,"y":0.6929929852485657,"z":-0.07535834610462189,"w":0.7127929925918579},"size":110.17506408691406,"orthographic":false}